name,district
Singaperumal Koil Uccs,Chengalpattu
Singaperumal Koil Branch (Mm Nagar),Chengalpattu
Navallur Uccs,Chengalpattu
Medavakkam Uccs,Chengalpattu
Medavakkam Branch (Kovilambakkam),Chengalpattu
Sholinganallur Uccs,Chengalpattu
Sholinganallur Branch (Perungudi),Chengalpattu
Sholinganallur Branch (Enjambakkam),Chengalpattu
Kayarambedu Uccs,Chengalpattu
Kayarambedu Branch (Mm Nagar),Chengalpattu
Kayarambedu Branch (Sowbakkiya Nagar),Chengalpattu
Thenmelpakkam Uccs,Chengalpattu
Thenmelpakkam Branch (Mm Nagar),Chengalpattu
Thiruporur Uccs,Chengalpattu
Mampakkam Uccs,Chengalpattu
Nallambakkam Uccs,Chengalpattu
Noothanjeri Uccs,Chengalpattu
Acharapakkam Uccs,Chengalpattu
Noombhal Uccs,Thiruvallur
K.2051 Vijayapuram Uccs,Tiruppur
K.2051 Vijayapuram Uccs (Branch),Tiruppur
Othakadai Uccs,Madurai
Othakadai Uccs (Branch),Madurai
Pasumalai Uccs,Madurai
Tpk Uccs,Madurai
Pudur Uccs,Madurai
Villapuram Uccs,Madurai
Viraganoor Uccs,Madurai
Viraganoor Uccs (Branch),Madurai
Srivilliputhur Uccs,Virudhunagar
Srivilliputhur Uccs (Branch),Virudhunagar
Watrap Uccs,Virudhunagar
Seelapadi,Dindigul
Mettupatti,Dindigul
Kovur,Kancheepuram
Kovur Branch,Kancheepuram
Kollapakam,Kancheepuram
Kollapakam (Branch),Kancheepuram
Iyyapanthangal,Kancheepuram
Uthiramerur,Kancheepuram
Thandalam,Kancheepuram
Thandalam (Branch),Kancheepuram
Valarpuram,Kancheepuram
Mathur,Kancheepuram
B.P.Agraharam Uccs,Erode
Nasiyanur Uccs,Erode
Veerappanchatram Uccs,Erode
Thindal Malai Uccs,Erode
Thindal Malai Uccs (Branch),Erode
Modakurichi Uccs,Erode
Kasipalayam Uccs,Erode
Lakkapuram Pudur Uccs,Erode
Arcot,Ranipet
Ranipet,Ranipet
Lalapet,Ranipet
Sumaithangi,Ranipet
T K Thangal,Ranipet
Thagarakuppam,Ranipet
Mosur,Ranipet
Mudur,Ranipet
Valarpuram 88555,Ranipet
Valarpuram (Branch),Ranipet
Ammapet,Salem
Ammapet (South Branch),Salem
Ammapet (North Branch),Salem
Chinathirupathi,Salem
Jagir Ammapalayam,Salem
Jagir Ammapalayam (Branch),Salem
Ayyamperumampatti,Salem
Ayyamperumampatti (Branch),Salem
